"name","pop","location"
"Sao Paulo","10021295","https://www.google.com/maps/?q=-23.5475,-46.6361"
"Rio de Janeiro","6023699","https://www.google.com/maps/?q=-22.9064,-43.1822"
"Salvador","2711840","https://www.google.com/maps/?q=-12.9711,-38.5108"
"Fortaleza","2400000","https://www.google.com/maps/?q=-3.71722,-38.5431"
"Belo Horizonte","2373224","https://www.google.com/maps/?q=-19.9208,-43.9378"
"Brasilia","2207718","https://www.google.com/maps/?q=-15.7797,-47.9297"
"Curitiba","1718421","https://www.google.com/maps/?q=-25.4278,-49.2731"
"Manaus","1598210","https://www.google.com/maps/?q=-3.10194,-60.025"
"Recife","1478098","https://www.google.com/maps/?q=-8.05389,-34.8811"
"Belem","1407737","https://www.google.com/maps/?q=-1.45583,-48.5044"
"Porto Alegre","1372741","https://www.google.com/maps/?q=-30.0328,-51.2302"
"Goiania","1171195","https://www.google.com/maps/?q=-16.6786,-49.2539"
"Guarulhos","1169577","https://www.google.com/maps/?q=-23.4628,-46.5333"
"Campinas","1031554","https://www.google.com/maps/?q=-22.9056,-47.0608"
"Nova Iguacu","1002118","https://www.google.com/maps/?q=-22.7592,-43.4511"
"Maceio","954991","https://www.google.com/maps/?q=-9.66583,-35.7353"
"Sao Luis","917237","https://www.google.com/maps/?q=-2.52972,-44.3028"
"Duque de Caxias","818329","https://www.google.com/maps/?q=-22.7856,-43.3117"
"Natal","763043","https://www.google.com/maps/?q=-5.795,-35.2094"
"Teresina","744512","https://www.google.com/maps/?q=-5.08917,-42.8019"
"Sao Bernardo do Campo","743372","https://www.google.com/maps/?q=-23.6939,-46.565"
"Campo Grande","729151","https://www.google.com/maps/?q=-20.4428,-54.6464"
"Jaboatao","702621","https://www.google.com/maps/?q=-8.18028,-35.0014"
"Osasco","677856","https://www.google.com/maps/?q=-23.5325,-46.7917"
"Santo Andre","662373","https://www.google.com/maps/?q=-23.6639,-46.5383"
"Joao Pessoa","650883","https://www.google.com/maps/?q=-7.115,-34.8631"
"Jaboatao dos Guararapes","630008","https://www.google.com/maps/?q=-8.11278,-35.0147"
"Contagem","627123","https://www.google.com/maps/?q=-19.9317,-44.0536"
"Ribeirao Preto","619746","https://www.google.com/maps/?q=-21.1775,-47.8103"
"Sao Jose dos Campos","613764","https://www.google.com/maps/?q=-23.1794,-45.8869"
"Uberlandia","563536","https://www.google.com/maps/?q=-18.9186,-48.2772"
"Sorocaba","558862","https://www.google.com/maps/?q=-23.5017,-47.4581"
"Cuiaba","521934","https://www.google.com/maps/?q=-15.5961,-56.0967"
"Aparecida de Goiania","510770","https://www.google.com/maps/?q=-16.8233,-49.2439"
"Aracaju","490175","https://www.google.com/maps/?q=-10.9111,-37.0717"
"Feira de Santana","481911","https://www.google.com/maps/?q=-12.2667,-38.9667"
"Londrina","471832","https://www.google.com/maps/?q=-23.3103,-51.1628"
"Juiz de Fora","470193","https://www.google.com/maps/?q=-21.7642,-43.3503"
"Belford Roxo","466096","https://www.google.com/maps/?q=-22.7642,-43.3994"
"Joinville","461304","https://www.google.com/maps/?q=-26.3044,-48.8456"
"Niteroi","456456","https://www.google.com/maps/?q=-22.8833,-43.1036"
"Sao Joao de Meriti","454849","https://www.google.com/maps/?q=-22.8039,-43.3722"
"Ananindeua","433956","https://www.google.com/maps/?q=-1.36556,-48.3722"
"Florianopolis","412724","https://www.google.com/maps/?q=-27.5967,-48.5492"
"Santos","411403","https://www.google.com/maps/?q=-23.9608,-46.3336"
"Ribeirao das Neves","406802","https://www.google.com/maps/?q=-19.7669,-44.0867"
"Vila Velha","394930","https://www.google.com/maps/?q=-20.3297,-40.2925"
"Serra","394153","https://www.google.com/maps/?q=-20.1286,-40.3078"
"Diadema","390633","https://www.google.com/maps/?q=-23.6861,-46.6228"
"Campos dos Goytacazes","387417","https://www.google.com/maps/?q=-21.7523,-41.3304"
"Maua","386069","https://www.google.com/maps/?q=-23.6678,-46.4614"
"Betim","384000","https://www.google.com/maps/?q=-19.9678,-44.1983"
"Caxias do Sul","381270","https://www.google.com/maps/?q=-29.1681,-51.1794"
"Sao Jose do Rio Preto","374699","https://www.google.com/maps/?q=-20.8197,-49.3794"
"Olinda","366754","https://www.google.com/maps/?q=-8.00889,-34.8553"
"Carapicuiba","361112","https://www.google.com/maps/?q=-23.5227,-46.835"
"Campina Grande","348936","https://www.google.com/maps/?q=-7.23056,-35.8811"
"Piracicaba","342209","https://www.google.com/maps/?q=-22.7253,-47.6492"
"Macapa","338936","https://www.google.com/maps/?q=0.03889,-51.0664"
"Itaquaquecetuba","336679","https://www.google.com/maps/?q=-23.4861,-46.3483"
"Bauru","335024","https://www.google.com/maps/?q=-22.3147,-49.0606"
"Montes Claros","332379","https://www.google.com/maps/?q=-16.735,-43.8617"
"Canoas","328291","https://www.google.com/maps/?q=-29.9178,-51.1836"
"Mogi das Cruzes","325746","https://www.google.com/maps/?q=-23.5228,-46.1883"
"Sao Vicente","324457","https://www.google.com/maps/?q=-23.9631,-46.3919"
"Jundiai","321589","https://www.google.com/maps/?q=-23.1864,-46.8842"
"Pelotas","320674","https://www.google.com/maps/?q=-31.77,-52.341"
"Anapolis","319587","https://www.google.com/maps/?q=-16.3267,-48.9528"
"Vitoria","312656","https://www.google.com/maps/?q=-20.3194,-40.3378"
"Maringa","311724","https://www.google.com/maps/?q=-23.4253,-51.9386"
"Guaruja","310424","https://www.google.com/maps/?q=-23.9931,-46.2564"
"Porto Velho","306180","https://www.google.com/maps/?q=-8.76194,-63.9039"
"Franca","305041","https://www.google.com/maps/?q=-20.5386,-47.4008"
"Blumenau","293949","https://www.google.com/maps/?q=-26.9194,-49.0661"
"Foz do Iguacu","293523","https://www.google.com/maps/?q=-25.5478,-54.5881"
"Ponta Grossa","292177","https://www.google.com/maps/?q=-25.095,-50.1619"
"Paulista","289971","https://www.google.com/maps/?q=-7.94083,-34.8731"
"Limeira","289665","https://www.google.com/maps/?q=-22.5647,-47.4017"
"Viamao","285269","https://www.google.com/maps/?q=-30.0811,-51.0233"
"Suzano","283314","https://www.google.com/maps/?q=-23.5425,-46.3108"
"Caucaia","275019","https://www.google.com/maps/?q=-3.73611,-38.6531"
"Petropolis","272691","https://www.google.com/maps/?q=-22.505,-43.1786"
"Uberaba","260843","https://www.google.com/maps/?q=-19.7483,-47.9319"
"Rio Branco","257642","https://www.google.com/maps/?q=-9.97472,-67.81"
"Cascavel","257172","https://www.google.com/maps/?q=-24.9558,-53.4553"
"Novo Hamburgo","253841","https://www.google.com/maps/?q=-29.6783,-51.1306"
"Vitoria da Conquista","253137","https://www.google.com/maps/?q=-14.8661,-40.8394"
"Barueri","251994","https://www.google.com/maps/?q=-23.5106,-46.8761"
"Taubate","251641","https://www.google.com/maps/?q=-23.0264,-45.5553"
"Governador Valadares","250878","https://www.google.com/maps/?q=-18.8511,-41.9494"
"Praia Grande","250027","https://www.google.com/maps/?q=-24.0058,-46.4028"
"Varzea Grande","249752","https://www.google.com/maps/?q=-15.6467,-56.1325"
"Volta Redonda","249580","https://www.google.com/maps/?q=-22.5231,-44.1042"
"Santa Maria","249219","https://www.google.com/maps/?q=-29.6842,-53.8069"
"Santa Luzia","243503","https://www.google.com/maps/?q=-19.7697,-43.8514"
"Gravatai","238778","https://www.google.com/maps/?q=-29.9422,-50.9928"
"Caruaru","235371","https://www.google.com/maps/?q=-8.28333,-35.9761"
"Boa Vista","235150","https://www.google.com/maps/?q=2.81972,-60.6733"
"Ipatinga","228746","https://www.google.com/maps/?q=-19.4683,-42.5367"
"Sumare","227977","https://www.google.com/maps/?q=-22.8219,-47.2669"
"Juazeiro do Norte","225230","https://www.google.com/maps/?q=-7.21306,-39.3153"
"Embu","221733","https://www.google.com/maps/?q=-23.6489,-46.8522"
"Imperatriz","218106","https://www.google.com/maps/?q=-5.52639,-47.4917"
"Colombo","217000","https://www.google.com/maps/?q=-25.2917,-49.2242"
"Taboao da Serra","214523","https://www.google.com/maps/?q=-23.6261,-46.7917"
"Jacarei","213110","https://www.google.com/maps/?q=-23.3053,-45.9658"
"Marilia","212218","https://www.google.com/maps/?q=-22.2139,-49.9458"
"Presidente Prudente","209502","https://www.google.com/maps/?q=-22.1256,-51.3889"
"Sao Leopoldo","209229","https://www.google.com/maps/?q=-29.7603,-51.1472"
"Itabuna","205660","https://www.google.com/maps/?q=-14.7856,-39.2803"
"Sao Carlos","205035","https://www.google.com/maps/?q=-22.0175,-47.8908"
"Hortolandia","203533","https://www.google.com/maps/?q=-22.8583,-47.22"
"Mossoro","202005","https://www.google.com/maps/?q=-5.1875,-37.3442"
"Itapevi","201748","https://www.google.com/maps/?q=-23.5489,-46.9342"
"Sete Lagoas","201334","https://www.google.com/maps/?q=-19.4658,-44.2467"
"Sao Jose","200000","https://www.google.com/maps/?q=-28.2117,-49.1632"
"Palmas","196272","https://www.google.com/maps/?q=-10.1674,-48.3277"
"Americana","196022","https://www.google.com/maps/?q=-22.7392,-47.3314"
"Petrolina","194650","https://www.google.com/maps/?q=-9.39861,-40.5008"
"Divinopolis","193832","https://www.google.com/maps/?q=-20.1436,-44.8907"
"Maracanau","193529","https://www.google.com/maps/?q=-3.87667,-38.6256"
"Planaltina","189412","https://www.google.com/maps/?q=-15.6179,-47.6487"
"Santarem","189047","https://www.google.com/maps/?q=-2.44306,-54.7083"
"Camacari","188758","https://www.google.com/maps/?q=-12.6975,-38.3242"
"Santa Barbara d'Oeste","188000","https://www.google.com/maps/?q=-22.7536,-47.4136"
"Rio Grande","187838","https://www.google.com/maps/?q=-32.035,-52.0986"
"Cachoeiro de Itapemirim","187019","https://www.google.com/maps/?q=-20.8489,-41.1128"
"Itaborai","182498","https://www.google.com/maps/?q=-22.7444,-42.8594"
"Rio Claro","180147","https://www.google.com/maps/?q=-22.4114,-47.5614"
"Indaiatuba","179911","https://www.google.com/maps/?q=-23.0884,-47.2119"
"Passo Fundo","179529","https://www.google.com/maps/?q=-28.2628,-52.4067"
"Cotia","174828","https://www.google.com/maps/?q=-23.6039,-46.9192"
"Francisco Morato","171790","https://www.google.com/maps/?q=-23.2817,-46.7453"
"Aracatuba","170024","https://www.google.com/maps/?q=-21.2089,-50.4328"
"Araraquara","168468","https://www.google.com/maps/?q=-21.7944,-48.1756"
"Ferraz de Vasconcelos","167900","https://www.google.com/maps/?q=-23.5408,-46.3686"
"Arapiraca","166562","https://www.google.com/maps/?q=-9.7525,-36.6611"
"Lages","164676","https://www.google.com/maps/?q=-27.8161,-50.3261"
"Barra Mansa","164052","https://www.google.com/maps/?q=-22.5442,-44.1714"
"Nossa Senhora do Socorro","163993","https://www.google.com/maps/?q=-10.855,-37.1261"
"Dourados","162202","https://www.google.com/maps/?q=-22.2211,-54.8056"
"Criciuma","161954","https://www.google.com/maps/?q=-28.6775,-49.3697"
"Chapeco","160157","https://www.google.com/maps/?q=-27.0964,-52.6183"
"Barreiras","158292","https://www.google.com/maps/?q=-12.1528,-44.99"
"Sobral","157996","https://www.google.com/maps/?q=-3.68611,-40.3497"
"Itajai","155716","https://www.google.com/maps/?q=-26.9078,-48.6619"
"Ilheus","155499","https://www.google.com/maps/?q=-14.7936,-39.0395"
"Angra dos Reis","153635","https://www.google.com/maps/?q=-23.0067,-44.3181"
"Nova Friburgo","153361","https://www.google.com/maps/?q=-22.2819,-42.5311"
"Rondonopolis","152912","https://www.google.com/maps/?q=-16.4708,-54.6356"
"Itapecerica da Serra","151605","https://www.google.com/maps/?q=-23.7169,-46.8492"
"Guarapuava","150850","https://www.google.com/maps/?q=-25.3905,-51.4654"
"Parnamirim","150343","https://www.google.com/maps/?q=-5.91556,-35.2628"
"Caxias","148072","https://www.google.com/maps/?q=-4.85889,-43.3561"
"Nilopolis","147281","https://www.google.com/maps/?q=-22.8075,-43.4139"
"Pocos de Caldas","146588","https://www.google.com/maps/?q=-21.7878,-46.5614"
"Maraba","145860","https://www.google.com/maps/?q=-5.38146,-49.1323"
"Luziania","143601","https://www.google.com/maps/?q=-16.2525,-47.9503"
"Cabo","143105","https://www.google.com/maps/?q=-8.28333,-35.0333"
"Macae","143029","https://www.google.com/maps/?q=-22.3848,-41.7832"
"Ibirite","141374","https://www.google.com/maps/?q=-20.0219,-44.0589"
"Lauro de Freitas","141280","https://www.google.com/maps/?q=-12.8944,-38.3272"
"Paranagua","141013","https://www.google.com/maps/?q=-25.5163,-48.5254"
"Parnaiba","138008","https://www.google.com/maps/?q=-2.90472,-41.7767"
"Itu","137586","https://www.google.com/maps/?q=-23.2642,-47.2992"
"Castanhal","137406","https://www.google.com/maps/?q=-1.29389,-47.9264"
"Sao Caetano do Sul","136453","https://www.google.com/maps/?q=-23.6231,-46.5511"
"Queimados","135741","https://www.google.com/maps/?q=-22.7161,-43.5553"
"Pindamonhangaba","132218","https://www.google.com/maps/?q=-22.9239,-45.4617"
"Sapucaia","130937","https://www.google.com/maps/?q=-29.8333,-51.15"
"Jaragua do Sul","130130","https://www.google.com/maps/?q=-26.4861,-49.0667"
"Mogi Guacu","128865","https://www.google.com/maps/?q=-22.3677,-46.9455"
"Jequie","127475","https://www.google.com/maps/?q=-13.8588,-40.0851"
"Itapetininga","126243","https://www.google.com/maps/?q=-23.5917,-48.0531"
"Patos de Minas","126234","https://www.google.com/maps/?q=-18.5789,-46.5181"
"Braganca Paulista","125096","https://www.google.com/maps/?q=-22.9527,-46.5442"
"Timon","124427","https://www.google.com/maps/?q=-5.09417,-42.8367"
"Sao Jose dos Pinhais","124224","https://www.google.com/maps/?q=-25.5302,-49.2084"
"Teresopolis","123979","https://www.google.com/maps/?q=-22.4167,-42.9782"
"Uruguaiana","123480","https://www.google.com/maps/?q=-29.7547,-57.0883"
"Porto Seguro","123173","https://www.google.com/maps/?q=-16.4497,-39.0647"
"Alagoinhas","122688","https://www.google.com/maps/?q=-12.1356,-38.4192"
"Palhoca","122423","https://www.google.com/maps/?q=-27.6453,-48.6678"
"Barbacena","122211","https://www.google.com/maps/?q=-21.2258,-43.7736"
"Cachoeirinha","121084","https://www.google.com/maps/?q=-29.9511,-51.0939"
"Santa Rita","119893","https://www.google.com/maps/?q=-7.11389,-34.9781"
"Toledo","119313","https://www.google.com/maps/?q=-24.7136,-53.7431"
"Jau","119206","https://www.google.com/maps/?q=-22.2964,-48.5578"
"Cubatao","118410","https://www.google.com/maps/?q=-23.895,-46.4253"
"Pinhais","117000","https://www.google.com/maps/?q=-25.4447,-49.1925"
"Simoes Filho","116662","https://www.google.com/maps/?q=-12.7844,-38.4039"
"Varginha","116571","https://www.google.com/maps/?q=-21.5514,-45.4303"
"Sinop","116013","https://www.google.com/maps/?q=-11.8642,-55.5025"
"Pouso Alegre","115201","https://www.google.com/maps/?q=-22.23,-45.9364"
"Eunapolis","114275","https://www.google.com/maps/?q=-16.3775,-39.5803"
"Botucatu","113862","https://www.google.com/maps/?q=-22.8858,-48.445"
"Jandira","113605","https://www.google.com/maps/?q=-23.5275,-46.9025"
"Ribeirao Pires","111888","https://www.google.com/maps/?q=-23.7106,-46.4133"
"Conselheiro Lafaiete","111596","https://www.google.com/maps/?q=-20.6603,-43.7861"
"Resende","111514","https://www.google.com/maps/?q=-22.4689,-44.4467"
"Araucaria","111302","https://www.google.com/maps/?q=-25.5931,-49.4103"
"Atibaia","110968","https://www.google.com/maps/?q=-23.1169,-46.5503"
"Varzea Paulista","110936","https://www.google.com/maps/?q=-23.2114,-46.8283"
"Garanhuns","110085","https://www.google.com/maps/?q=-8.88202,-36.5022"
"Araruama","109637","https://www.google.com/maps/?q=-22.8728,-42.3431"
"Catanduva","109612","https://www.google.com/maps/?q=-21.1378,-48.9728"
"Franco da Rocha","108858","https://www.google.com/maps/?q=-23.3217,-46.7269"
"Cabo Frio","108239","https://www.google.com/maps/?q=-22.8872,-42.0262"
"Ji Parana","107697","https://www.google.com/maps/?q=-10.8853,-61.9517"
"Araras","107463","https://www.google.com/maps/?q=-22.3569,-47.3842"
"Poa","107432","https://www.google.com/maps/?q=-23.5281,-46.3447"
"Vitoria de Santo Antao","107383","https://www.google.com/maps/?q=-8.11806,-35.2914"
"Umuarama","107319","https://www.google.com/maps/?q=-23.7664,-53.325"
"Apucarana","107085","https://www.google.com/maps/?q=-23.5508,-51.4608"
"Santa Cruz do Sul","106113","https://www.google.com/maps/?q=-29.7175,-52.4258"
"Guaratingueta","105880","https://www.google.com/maps/?q=-22.8164,-45.1925"
"Linhares","105075","https://www.google.com/maps/?q=-19.3911,-40.0722"
"Araguaina","105019","https://www.google.com/maps/?q=-7.19111,-48.2072"
"Esmeraldas","103206","https://www.google.com/maps/?q=-19.7625,-44.3139"
"Birigui","102277","https://www.google.com/maps/?q=-21.2886,-50.34"
"Assis","101597","https://www.google.com/maps/?q=-22.6617,-50.4122"
"Barretos","101220","https://www.google.com/maps/?q=-20.5572,-48.5678"
"Colatina","101190","https://www.google.com/maps/?q=-19.5394,-40.6306"
"Teofilo Otoni","101170","https://www.google.com/maps/?q=-17.8575,-41.5053"
"Guaiba","101024","https://www.google.com/maps/?q=-30.1139,-51.325"
"Guarapari","100925","https://www.google.com/maps/?q=-20.6718,-40.502"
"Coronel Fabriciano","100916","https://www.google.com/maps/?q=-19.5186,-42.6289"
"Itaguai","100752","https://www.google.com/maps/?q=-22.8522,-43.7753"
"Rio das Ostras","100000","https://www.google.com/maps/?q=-22.5269,-41.945"
"Itabira","99496","https://www.google.com/maps/?q=-19.6192,-43.2269"
"Votorantim","99390","https://www.google.com/maps/?q=-23.5467,-47.4378"
"Sertaozinho","99211","https://www.google.com/maps/?q=-21.1378,-47.9903"
"Santana de Parnaiba","98989","https://www.google.com/maps/?q=-23.4442,-46.9178"
"Bage","98940","https://www.google.com/maps/?q=-31.3314,-54.1069"
"Passos","98752","https://www.google.com/maps/?q=-20.7189,-46.6097"
"Salto","98387","https://www.google.com/maps/?q=-23.2008,-47.2869"
"Uba","97828","https://www.google.com/maps/?q=-21.12,-42.9428"
"Ourinhos","97799","https://www.google.com/maps/?q=-22.9789,-49.8706"
"Trindade","97521","https://www.google.com/maps/?q=-16.6494,-49.4889"
"Arapongas","97512","https://www.google.com/maps/?q=-23.4194,-51.4244"
"Araguari","96565","https://www.google.com/maps/?q=-18.6472,-48.1872"
"Corumba","96520","https://www.google.com/maps/?q=-19.0092,-57.6533"
"Erechim","96087","https://www.google.com/maps/?q=-27.6346,-52.2754"
"Japeri","95101","https://www.google.com/maps/?q=-22.6431,-43.6533"
"Vespasiano","94749","https://www.google.com/maps/?q=-19.6919,-43.9233"
"Campo Largo","94668","https://www.google.com/maps/?q=-25.4596,-49.5301"
"Tatui","93580","https://www.google.com/maps/?q=-23.3556,-47.8569"
"Patos","92575","https://www.google.com/maps/?q=-7.02444,-37.28"
"Timoteo","91722","https://www.google.com/maps/?q=-19.5811,-42.6495"
"Muriae","91173","https://www.google.com/maps/?q=-21.1306,-42.3664"
"Cambe","91080","https://www.google.com/maps/?q=-23.2758,-51.2783"
"Bayeux","91056","https://www.google.com/maps/?q=-7.125,-34.9322"
"Bento Goncalves","90852","https://www.google.com/maps/?q=-29.1714,-51.5192"
"Caraguatatuba","90843","https://www.google.com/maps/?q=-23.6203,-45.4131"
"Itanhaem","90385","https://www.google.com/maps/?q=-24.1831,-46.7889"
"Santana do Livramento","89694","https://www.google.com/maps/?q=-30.8908,-55.5328"
"Almirante Tamandare","89499","https://www.google.com/maps/?q=-25.3247,-49.31"
"Planaltina","88853","https://www.google.com/maps/?q=-15.4528,-47.6142"
"Crato","88786","https://www.google.com/maps/?q=-7.23417,-39.4094"
"Valinhos","88630","https://www.google.com/maps/?q=-22.9706,-46.9958"
"Sao Lourenco da Mata","88416","https://www.google.com/maps/?q=-8.00222,-35.0183"
"Nova Lima","88399","https://www.google.com/maps/?q=-19.9856,-43.8467"
"Brusque","88284","https://www.google.com/maps/?q=-27.0979,-48.9128"
"Barra do Pirai","87668","https://www.google.com/maps/?q=-22.47,-43.8256"
"Alegrete","87236","https://www.google.com/maps/?q=-29.7831,-55.7919"
"Caieiras","87188","https://www.google.com/maps/?q=-23.3642,-46.7406"
"Barra do Corda","86662","https://www.google.com/maps/?q=-5.50556,-45.2433"
"Igarassu","86457","https://www.google.com/maps/?q=-7.83417,-34.9064"
"Paulo Afonso","85350","https://www.google.com/maps/?q=-9.40611,-38.2147"
"Ituiutaba","85345","https://www.google.com/maps/?q=-18.9743,-49.4621"
"Esteio","84902","https://www.google.com/maps/?q=-29.8614,-51.1792"
"Sarandi","84697","https://www.google.com/maps/?q=-23.4436,-51.8739"
"Itaperuna","84435","https://www.google.com/maps/?q=-21.205,-41.8878"
"Santana","83927","https://www.google.com/maps/?q=-0.05833,-51.1817"
"Jardim Paulista","83667","https://www.google.com/maps/?q=-23.5667,-46.6644"
"Codo","83288","https://www.google.com/maps/?q=-4.45528,-43.8856"
"Araxa","82595","https://www.google.com/maps/?q=-19.5933,-46.9406"
"Abreu e Lima","81959","https://www.google.com/maps/?q=-7.91167,-34.9028"
"Itajuba","81870","https://www.google.com/maps/?q=-22.4256,-45.4528"
"Lavras","81472","https://www.google.com/maps/?q=-21.2453,-44.9997"
"Avare","81285","https://www.google.com/maps/?q=-23.0986,-48.9258"
"Formosa","81232","https://www.google.com/maps/?q=-15.5372,-47.3344"
"Leme","81209","https://www.google.com/maps/?q=-22.1856,-47.3903"
"Cruzeiro do Sul","79819","https://www.google.com/maps/?q=-7.62759,-72.6776"
"Itumbiara","79582","https://www.google.com/maps/?q=-18.4192,-49.2153"
"Marica","79551","https://www.google.com/maps/?q=-22.9194,-42.8186"
"Ubatuba","79007","https://www.google.com/maps/?q=-23.4339,-45.0711"
"Tres Lagoas","78712","https://www.google.com/maps/?q=-20.7876,-51.7034"
"Sao Joao del Rei","78592","https://www.google.com/maps/?q=-21.1356,-44.2617"
"Mogi Mirim","78244","https://www.google.com/maps/?q=-22.4319,-46.9578"
"Abaetetuba","78050","https://www.google.com/maps/?q=-1.71806,-48.8825"
"Sao Bento do Sul","77597","https://www.google.com/maps/?q=-26.2503,-49.3786"
"Itauna","77400","https://www.google.com/maps/?q=-20.0753,-44.5764"
"Sao Mateus","77117","https://www.google.com/maps/?q=-18.7201,-39.8589"
"Jatai","76547","https://www.google.com/maps/?q=-17.8794,-51.7217"
"Sao Joao da Boa Vista","76540","https://www.google.com/maps/?q=-21.9692,-46.7981"
"Lorena","76506","https://www.google.com/maps/?q=-22.7308,-45.1247"
"Santa Cruz do Capibaribe","76450","https://www.google.com/maps/?q=-7.9575,-36.2047"
"Sao Sebastiao","76367","https://www.google.com/maps/?q=-23.76,-45.4097"
"Tucurui","76337","https://www.google.com/maps/?q=-3.76585,-49.6792"
"Embu Guacu","76310","https://www.google.com/maps/?q=-23.8322,-46.8114"
"Sapiranga","76051","https://www.google.com/maps/?q=-29.6381,-51.0069"
"Para de Minas","75786","https://www.google.com/maps/?q=-19.8603,-44.6083"
"Campo Mourao","75401","https://www.google.com/maps/?q=-24.0431,-52.3793"
"Cachoeira do Sul","74694","https://www.google.com/maps/?q=-30.0392,-52.8939"
"Santo Antonio de Jesus","73957","https://www.google.com/maps/?q=-12.9689,-39.2614"
"Paranavai","72848","https://www.google.com/maps/?q=-23.0731,-52.4653"
"Joao Monlevade","72762","https://www.google.com/maps/?q=-19.81,-43.1736"
"Matao","72468","https://www.google.com/maps/?q=-21.6033,-48.3658"
"Bacabal","72372","https://www.google.com/maps/?q=-4.29167,-44.7917"
"Cacapava","72340","https://www.google.com/maps/?q=-23.1008,-45.7069"
"Aruja","72077","https://www.google.com/maps/?q=-23.3961,-46.3208"
"Cruzeiro","72022","https://www.google.com/maps/?q=-22.5732,-44.9711"
"Patrocinio","71963","https://www.google.com/maps/?q=-18.9439,-46.9925"
"Tres Rios","71944","https://www.google.com/maps/?q=-22.1167,-43.2092"
"Bebedouro","71862","https://www.google.com/maps/?q=-20.9494,-48.4792"
"Sao Cristovao","71539","https://www.google.com/maps/?q=-11.0147,-37.2064"
"Alfenas","71406","https://www.google.com/maps/?q=-21.4292,-45.9472"
"Ijui","71202","https://www.google.com/maps/?q=-28.3878,-53.9147"
"Altamira","70888","https://www.google.com/maps/?q=-3.20333,-52.2064"
"Paracatu","70753","https://www.google.com/maps/?q=-17.2222,-46.8747"
"Carpina","70689","https://www.google.com/maps/?q=-7.85083,-35.2547"
"Iguatu","70380","https://www.google.com/maps/?q=-6.35944,-39.2986"
"Votuporanga","69863","https://www.google.com/maps/?q=-20.4228,-49.9728"
"Paragominas","69613","https://www.google.com/maps/?q=-2.96667,-47.4833"
"Lins","69451","https://www.google.com/maps/?q=-21.6786,-49.7425"
"Jaboticabal","69394","https://www.google.com/maps/?q=-21.2547,-48.3222"
"Vicosa","68680","https://www.google.com/maps/?q=-20.7539,-42.8819"
"Sao Sebastiao do Paraiso","68654","https://www.google.com/maps/?q=-20.9169,-46.9914"
"Balsas","68056","https://www.google.com/maps/?q=-7.5325,-46.0356"
"Itatiba","67934","https://www.google.com/maps/?q=-23.0058,-46.8389"
"Santa Ines","67424","https://www.google.com/maps/?q=-3.66667,-45.38"
"Tubarao","67245","https://www.google.com/maps/?q=-28.4667,-49.0069"
"Pato Branco","65754","https://www.google.com/maps/?q=-26.2286,-52.6706"
"Paulinia","65595","https://www.google.com/maps/?q=-22.7611,-47.1542"
"Lajeado","65407","https://www.google.com/maps/?q=-29.4669,-51.9614"
"Cruz Alta","65275","https://www.google.com/maps/?q=-28.644,-53.6063"
"Aquiraz","65116","https://www.google.com/maps/?q=-3.90139,-38.3911"
"Itacoatiara","64937","https://www.google.com/maps/?q=-3.14306,-58.4442"
"Gurupi","64789","https://www.google.com/maps/?q=-11.7292,-49.0686"
"Itaituba","64756","https://www.google.com/maps/?q=-4.27611,-55.9836"
"Santo Angelo","64606","https://www.google.com/maps/?q=-28.2992,-54.2631"
"Parintins","64428","https://www.google.com/maps/?q=-2.62833,-56.7358"
"Curvelo","63954","https://www.google.com/maps/?q=-18.7564,-44.4308"
"Itabaiana","63888","https://www.google.com/maps/?q=-10.685,-37.4253"
"Cacador","63726","https://www.google.com/maps/?q=-26.7753,-51.015"
"Ouro Preto","63678","https://www.google.com/maps/?q=-20.3948,-43.5052"
"Caldas Novas","63675","https://www.google.com/maps/?q=-17.7443,-48.6279"
"Irece","63626","https://www.google.com/maps/?q=-11.3042,-41.8558"
"Catalao","63544","https://www.google.com/maps/?q=-18.1658,-47.9464"
"Tres Coracoes","63457","https://www.google.com/maps/?q=-21.6969,-45.2533"
"Rio Largo","63387","https://www.google.com/maps/?q=-9.47833,-35.8533"
"Vilhena","63231","https://www.google.com/maps/?q=-12.7406,-60.1458"
"Valenca","63231","https://www.google.com/maps/?q=-13.3703,-39.0731"
"Peruibe","63030","https://www.google.com/maps/?q=-24.32,-46.9983"
"Itapeva","62957","https://www.google.com/maps/?q=-23.9822,-48.8756"
"Cataguases","62618","https://www.google.com/maps/?q=-21.3892,-42.6967"
"Saquarema","62056","https://www.google.com/maps/?q=-22.92,-42.5103"
"Tupa","62035","https://www.google.com/maps/?q=-21.9347,-50.5136"
"Fernandopolis","61931","https://www.google.com/maps/?q=-20.2839,-50.2464"
"Senador Canedo","61800","https://www.google.com/maps/?q=-16.7081,-49.0931"
"Itapira","61607","https://www.google.com/maps/?q=-22.4361,-46.8217"
"Gravata","61249","https://www.google.com/maps/?q=-8.20111,-35.5647"
"Valenca","61144","https://www.google.com/maps/?q=-22.2456,-43.7003"
"Pirassununga","60413","https://www.google.com/maps/?q=-21.9961,-47.4258"
"Unai","60202","https://www.google.com/maps/?q=-16.3575,-46.9061"
"Caratinga","60066","https://www.google.com/maps/?q=-19.7897,-42.1392"
"Itapetinga","59721","https://www.google.com/maps/?q=-15.2489,-40.2478"
"Mococa","59654","https://www.google.com/maps/?q=-21.4678,-47.0047"
"Sao Borja","59613","https://www.google.com/maps/?q=-28.6606,-56.0044"
"Carazinho","59417","https://www.google.com/maps/?q=-28.2839,-52.7864"
"Santa Rosa","58957","https://www.google.com/maps/?q=-27.8708,-54.4814"
"Telemaco Borba","58880","https://www.google.com/maps/?q=-24.3239,-50.6156"
"Guanambi","58877","https://www.google.com/maps/?q=-14.2233,-42.7814"
"Aracruz","58271","https://www.google.com/maps/?q=-19.8203,-40.2733"
"Ariquemes","58096","https://www.google.com/maps/?q=-9.91333,-63.0408"
"Farroupilha","57650","https://www.google.com/maps/?q=-29.225,-51.3478"
"Francisco Beltrao","57618","https://www.google.com/maps/?q=-26.0811,-53.055"
"Picos","57495","https://www.google.com/maps/?q=-7.07694,-41.4669"
"Lencois Paulista","57375","https://www.google.com/maps/?q=-22.5986,-48.8003"
"Arcoverde","57163","https://www.google.com/maps/?q=-8.41889,-37.0539"
"Braganca","57163","https://www.google.com/maps/?q=-1.05361,-46.7656"
"Vacaria","56765","https://www.google.com/maps/?q=-28.5122,-50.9339"
"Cajamar","56682","https://www.google.com/maps/?q=-23.3561,-46.8769"
"Janauba","56572","https://www.google.com/maps/?q=-15.8025,-43.3089"
"Vinhedo","56492","https://www.google.com/maps/?q=-23.0297,-46.9753"
"Formiga","56404","https://www.google.com/maps/?q=-20.4644,-45.4264"
"Cianorte","55994","https://www.google.com/maps/?q=-23.6633,-52.605"
"Nova Vicosa","55980","https://www.google.com/maps/?q=-17.8919,-39.3719"
"Itapipoca","55784","https://www.google.com/maps/?q=-3.49444,-39.5786"
"Ponta Pora","55763","https://www.google.com/maps/?q=-22.5361,-55.7256"
"Estancia","55654","https://www.google.com/maps/?q=-11.2683,-37.4383"
"Cacoal","55560","https://www.google.com/maps/?q=-11.4386,-61.4472"
"Sao Gabriel","55434","https://www.google.com/maps/?q=-30.3364,-54.32"
"Concordia","55367","https://www.google.com/maps/?q=-27.2342,-52.0278"
"Pacatuba","55291","https://www.google.com/maps/?q=-3.98417,-38.6203"
"Viana","55122","https://www.google.com/maps/?q=-20.3903,-40.4961"
"Sao Pedro da Aldeia","55014","https://www.google.com/maps/?q=-22.8392,-42.1028"
"Caico","54934","https://www.google.com/maps/?q=-6.45833,-37.0978"
"Seropedica","54846","https://www.google.com/maps/?q=-22.7439,-43.7075"